MOMID,diet,genotype,group,rs174550,OIL_CONS_AIMED,OIL_CONS_AIMED_cat,OIL_CONS_REAL,fad8_chol
1230,0,1,3,0,50.0,5.0,42.61,5.1
1322,0,1,3,0,50.0,5.0,48.39,5.03
1416,0,1,3,0,30.0,3.0,30.0,3.93
1641,0,1,3,0,30.0,3.0,30.0,6.12
1828,0,1,3,0,30.0,3.0,30.0,4.82
1918,0,1,3,0,40.0,4.0,38.6,3.7
1953,0,1,3,0,30.0,3.0,30.0,4.29
1970,0,1,3,0,30.0,3.0,30.0,6.09
2028,0,1,3,0,30.0,3.0,27.46,4.85
2052,0,1,3,0,40.0,4.0,40.0,5.79
2077,0,1,3,0,40.0,4.0,39.33,6.13
2131,0,1,3,0,30.0,3.0,29.0,4.38
2181,0,1,3,0,30.0,3.0,30.0,4.7
2298,0,1,3,0,30.0,3.0,30.0,5.85
2371,0,1,3,0,50.0,5.0,46.82,4.91
2379,0,1,3,0,40.0,4.0,39.32,5.06
2600,0,1,3,0,50.0,5.0,49.6,5.94
2753,0,1,3,0,40.0,4.0,38.64,4.85
2765,0,1,3,0,30.0,3.0,30.0,4.02
2822,0,1,3,0,30.0,3.0,29.43,5.21
3215,0,1,3,0,40.0,4.0,39.69,5.86
3277,0,1,3,0,40.0,4.0,39.05,4.7
3278,0,1,3,0,40.0,4.0,40.0,3.74
3352,0,1,3,0,30.0,3.0,30.0,3.73
3362,0,1,3,0,40.0,4.0,35.74,5.5
3427,0,1,3,0,50.0,5.0,46.15,4.79
3446,0,1,3,0,30.0,3.0,30.0,4.15
3755,0,1,3,0,30.0,3.0,37.86,4.5
3875,0,1,3,0,40.0,4.0,40.0,5.33
3896,0,1,3,0,40.0,4.0,40.0,3.45
3908,0,1,3,0,50.0,5.0,50.0,6.29
3938,0,1,3,0,30.0,3.0,29.42,4.34
3972,0,1,3,0,30.0,3.0,29.45,5.6
4022,0,1,3,0,30.0,3.0,30.0,3.66
4071,0,1,3,0,40.0,4.0,40.0,5.38
4196,0,1,3,0,30.0,3.0,30.0,4.28
4227,0,1,3,0,30.0,3.0,29.2,3.27
4390,0,1,3,0,30.0,3.0,30.0,4.14
1403,0,0,4,1,30.0,3.0,30.0,2.88
1430,0,0,4,1,30.0,3.0,30.0,5.12
1507,0,0,4,1,50.0,5.0,48.25,5.95
1747,0,0,4,1,40.0,4.0,40.0,4.91
1889,0,0,4,1,40.0,4.0,39.68,5.79
1947,0,0,4,1,50.0,5.0,46.55,4.66
2033,0,0,4,1,40.0,4.0,39.0,3.71
2156,0,0,4,1,40.0,4.0,40.0,4.27
2535,0,0,4,1,40.0,4.0,40.0,4.48
2545,0,0,4,1,30.0,3.0,28.49,5.73
2670,0,0,4,1,30.0,3.0,28.1,4.66
2768,0,0,4,1,30.0,3.0,29.55,6.27
2857,0,0,4,1,50.0,5.0,44.76,5.29
2956,0,0,4,1,30.0,3.0,29.53,7.5
3471,0,0,4,1,50.0,5.0,50.0,4.77
3966,0,0,4,1,30.0,3.0,30.0,5.02
4113,0,0,4,1,40.0,4.0,40.0,5.5
4275,0,0,4,1,30.0,3.0,30.0,4.92
5941,0,0,4,1,40.0,4.0,40.0,3.66
6584,0,0,4,1,40.0,4.0,40.0,3.93
6626,0,0,4,1,40.0,4.0,39.31,5.53
6889,0,0,4,1,40.0,4.0,38.57,3.53
1297,1,1,1,0,30.0,3.0,30.0,6.49
1763,1,1,1,0,30.0,3.0,30.0,4.67
1812,1,1,1,0,40.0,4.0,40.0,4.25
1856,1,1,1,0,30.0,3.0,30.0,6.37
1888,1,1,1,0,30.0,3.0,30.0,3.76
1940,1,1,1,0,30.0,3.0,30.0,5.41
2041,1,1,1,0,,,,4.38
2064,1,1,1,0,40.0,4.0,40.0,6.0
2168,1,1,1,0,50.0,5.0,50.0,5.26
2178,1,1,1,0,40.0,4.0,38.86,6.36
2186,1,1,1,0,50.0,5.0,38.1,3.04
2246,1,1,1,0,40.0,4.0,39.32,4.41
2380,1,1,1,0,30.0,3.0,29.21,5.16
2411,1,1,1,0,40.0,4.0,40.0,4.48
2412,1,1,1,0,40.0,4.0,39.23,4.15
2468,1,1,1,0,40.0,4.0,40.0,4.51
2625,1,1,1,0,40.0,4.0,40.0,5.22
3036,1,1,1,0,30.0,3.0,30.0,5.18
3078,1,1,1,0,40.0,4.0,22.86,5.76
3135,1,1,1,0,40.0,4.0,38.79,6.61
3268,1,1,1,0,40.0,4.0,40.0,6.07
3558,1,1,1,0,50.0,5.0,49.17,4.61
3597,1,1,1,0,30.0,3.0,29.74,5.59
3691,1,1,1,0,40.0,4.0,39.38,7.92
3759,1,1,1,0,30.0,3.0,30.0,5.87
3777,1,1,1,0,50.0,5.0,50.0,4.44
3810,1,1,1,0,40.0,4.0,39.32,2.9
3854,1,1,1,0,40.0,4.0,38.79,4.79
4044,1,1,1,0,30.0,3.0,30.0,5.1
4062,1,1,1,0,30.0,3.0,30.0,4.7
4091,1,1,1,0,40.0,4.0,40.0,3.63
4377,1,1,1,0,40.0,4.0,39.38,4.74
4381,1,1,1,0,30.0,3.0,30.0,5.07
1446,1,0,2,1,40.0,4.0,38.73,4.51
1542,1,0,2,1,40.0,4.0,40.0,4.97
1626,1,0,2,1,30.0,3.0,30.0,3.89
1768,1,0,2,1,40.0,4.0,40.0,5.56
1784,1,0,2,1,40.0,4.0,39.43,5.54
1971,1,0,2,1,30.0,3.0,30.0,5.87
2254,1,0,2,1,40.0,4.0,40.0,4.73
2385,1,0,2,1,40.0,4.0,40.0,5.33
2469,1,0,2,1,30.0,3.0,29.1,4.99
2580,1,0,2,1,50.0,5.0,48.44,4.77
2820,1,0,2,1,30.0,3.0,30.0,3.33
2905,1,0,2,1,40.0,4.0,36.09,3.74
2929,1,0,2,1,40.0,4.0,40.0,4.33
2938,1,0,2,1,40.0,4.0,37.14,5.58
2958,1,0,2,1,40.0,4.0,38.57,6.41
2972,1,0,2,1,30.0,3.0,28.85,4.59
3106,1,0,2,1,30.0,3.0,29.39,5.11
3115,1,0,2,1,30.0,3.0,30.0,3.89
3125,1,0,2,1,40.0,4.0,40.0,6.32
3561,1,0,2,1,30.0,3.0,30.0,5.31
3682,1,0,2,1,50.0,5.0,40.82,4.94
3766,1,0,2,1,40.0,4.0,40.0,5.79
4303,1,0,2,1,40.0,4.0,40.0,5.92
4371,1,0,2,1,40.0,4.0,38.52,5.86
5574,1,0,2,1,30.0,3.0,20.52,6.27
