lg_fad0_PUFA_Epros,lg_fadinterv_PUFA_Epros,lg_fad0_PROTEIN_Epros,lg_fadinterv_PROTEIN_Epros,lg_fad0_CHOLESTEROL,lg_fadinterv_CHOLESTEROL,fad0_ALCOHOL_Epros,fad8_chol,MOMID,diet,genotype,group,rs174550,OIL_CONS_AIMED,OIL_CONS_AIMED_cat,OIL_CONS_REAL
0.7449561782407887,1.1100259900028748,1.2796065987285177,1.2502530432859438,2.518227605962588,2.4963812472348814,4.133669723,5.1,1230,0,1,3,0,50.0,5.0,42.61
1.0019362327808992,1.117701144097911,1.3632371782154276,1.2742634237627828,2.634764353739478,2.6804270611563883,0.768151316,5.03,1322,0,1,3,0,50.0,5.0,48.39
0.8345387724171479,0.9843456576744862,1.1460447029255338,1.1853052818785808,2.612052355179759,2.577615291952088,5.724011324834279,3.93,1416,0,1,3,0,30.0,3.0,30.0
0.4363048325167643,1.032720444815138,1.2427384473473375,1.1758774565819077,1.9471149916237969,2.3609387807508138,15.56276053728578,6.12,1641,0,1,3,0,30.0,3.0,30.0
0.6573587388207237,1.0218288984439818,1.326520652655356,1.243588396518177,2.539176502095016,2.413140437655581,0.0,4.82,1828,0,1,3,0,30.0,3.0,30.0
0.7384117798218678,1.1511484038331117,1.2986013430345074,1.129835421993606,2.606504970948279,2.437916957657719,0.0,3.7,1918,0,1,3,0,40.0,4.0,38.6
0.9411902552072906,1.1006174231770636,1.2216424706921418,1.1655434100860953,2.230576636268741,2.3366923293098973,1.0038879325695969,4.29,1953,0,1,3,0,30.0,3.0,30.0
0.8878299762824462,0.9931439276422248,1.2279526742643738,1.066316283198636,2.552862814292621,2.535978891531824,2.2626872104299105,6.09,1970,0,1,3,0,30.0,3.0,30.0
0.9439773915736276,1.0461335827730416,1.2125485486008116,1.2550808755953689,2.2479057859881824,2.501031861070583,0.0,4.85,2028,0,1,3,0,30.0,3.0,27.46
0.7135446781961774,1.1512798336422352,1.344054708165159,1.2563595000619392,2.370725836226145,2.418537436891593,1.1816838995568684,5.79,2052,0,1,3,0,40.0,4.0,40.0
1.000439813,1.215846582170033,1.1463034975456288,1.141513793222135,2.4504261781228966,2.506483046535814,0.093077928,6.13,2077,0,1,3,0,40.0,4.0,39.33
0.8016645569641184,1.11346923744029,1.174252685566571,1.0923227199302463,2.595124046,2.3679984994758394,0.0,4.38,2131,0,1,3,0,30.0,3.0,29.0
0.7916708693265407,1.091512981299258,1.2127920228060414,1.1561665168688111,2.278553550847405,2.2699388575765496,1.0201688067078527,4.7,2181,0,1,3,0,30.0,3.0,30.0
0.7408461720304553,0.9875016847399878,1.2177040406792616,1.1193727063597452,2.4648321978499683,2.323246942249349,8.474508674,5.85,2298,0,1,3,0,30.0,3.0,30.0
0.8103054101125114,1.0902290194969384,1.214557926946882,1.2251705664731127,2.795294193448396,2.645574540490203,0.0,4.91,2371,0,1,3,0,50.0,5.0,46.82
0.8536728241138493,1.1088229334388209,1.2367684972892674,1.1043304166567631,2.452235076985209,2.506775536606644,0.4003698654947904,5.06,2379,0,1,3,0,40.0,4.0,39.32
0.8114051164535866,1.087918178713163,1.2828958103958117,1.1273449717821906,2.631202709274985,2.6272723810350698,8.351992911846834,5.94,2600,0,1,3,0,50.0,5.0,49.6
0.7182245,1.0373067269932137,1.0649933667588416,1.0035355893541442,2.514521189494315,2.364344586082185,21.208661931941965,4.85,2753,0,1,3,0,40.0,4.0,38.64
0.8344974663233353,1.065416983263191,1.328222521490214,1.2631110111031012,2.5101359910640486,2.4090894858875216,8.592551979371022,4.02,2765,0,1,3,0,30.0,3.0,30.0
0.7905568624127687,1.051382338274137,1.196221245099411,1.1417487061865743,2.5590833177148467,2.6335088531873456,22.83075315749038,5.21,2822,0,1,3,0,30.0,3.0,29.43
0.6880516173232485,1.1662529752579929,1.0934989883083743,1.0859935882258325,2.2789192869749426,2.013327110765825,15.211084490569892,5.86,3215,0,1,3,0,40.0,4.0,39.69
0.7735990975521589,1.1112086757943327,1.2314569742379218,1.2568603361331048,2.436273990326048,2.387378701849893,1.7027289996756707,4.7,3277,0,1,3,0,40.0,4.0,39.05
0.9059196443164672,1.1539103929335497,1.2207361856710748,1.165150473541127,2.384738605683685,2.447159970152543,0.0,3.74,3278,0,1,3,0,40.0,4.0,40.0
0.8646548937515457,1.112195395738064,1.2189616804556542,1.1561428306603116,2.5203492278603243,2.336954787456944,0.0,3.73,3352,0,1,3,0,30.0,3.0,30.0
0.8128374334060726,1.138442986673943,1.151660507554497,1.1750808543492002,2.585308417724856,2.473580023198211,0.0,5.5,3362,0,1,3,0,40.0,4.0,35.74
0.9134061775773512,1.1070260233887526,1.1560341799583456,1.1857056928047147,2.24773397,2.5747472630889936,0.5199645150747264,4.79,3427,0,1,3,0,50.0,5.0,46.15
0.6748979479752194,1.0974952767790151,1.1981089343646356,1.217416917081663,2.4268039455148664,2.2814623337734234,3.5196435215653583,4.15,3446,0,1,3,0,30.0,3.0,30.0
0.7160620907769515,1.1296328028362472,1.2384764667953374,1.1061890067901974,2.206164489768199,2.335625868955628,0.0,4.5,3755,0,1,3,0,30.0,3.0,37.86
0.953976852350882,1.1495011005556726,1.1319353174490927,1.0809648850359108,2.330434067009712,2.4348901152348983,1.3563968328930849,5.33,3875,0,1,3,0,40.0,4.0,40.0
0.7574801806503565,1.1711622909224126,1.2254485378408575,1.1218442676791245,2.3303376636755018,2.273871883102863,0.0,3.45,3896,0,1,3,0,40.0,4.0,40.0
0.7998292489759302,1.2589976815007904,1.2521121783849818,1.175634444320964,2.0552062616257865,2.3918477547842985,0.0,6.29,3908,0,1,3,0,50.0,5.0,50.0
0.8951811694813991,1.1453846637726757,1.2876286724739516,1.0929521055376632,2.454463732751138,2.304603610571133,0.0,4.34,3938,0,1,3,0,30.0,3.0,29.42
0.8696505110800047,0.9933729132911536,1.2339685087212708,1.128741138340831,2.441907126406881,2.596480260193896,1.4044420910674171,5.6,3972,0,1,3,0,30.0,3.0,29.45
0.6914067687744805,1.0104788369793725,1.1748165555389969,1.1598151213206156,2.5276137917268087,2.551770111152106,7.073043434890414,3.66,4022,0,1,3,0,30.0,3.0,30.0
0.7175833544553689,1.0218613105982068,1.2888685084864353,1.3346184226684723,2.7019002701827715,2.669102935519992,0.0,5.38,4071,0,1,3,0,40.0,4.0,40.0
0.7516223845167366,1.1564224628681452,1.3045877998254545,1.285444837643862,2.1139350004095703,2.6813905,0.0,4.28,4196,0,1,3,0,30.0,3.0,30.0
0.8588384799304611,0.9956628609110164,1.233240252501344,1.146524267553988,2.344195715871435,2.306135401343285,0.0,3.27,4227,0,1,3,0,30.0,3.0,29.2
0.8422595804288675,1.0411964026154372,1.2620017618605173,1.181032853502628,2.3576998580601343,2.1229200114030298,3.4901526028158574,4.14,4390,0,1,3,0,30.0,3.0,30.0
0.8667521909048093,1.0462671828025742,1.2196608075955695,1.1661063316604965,2.476230037221393,2.440928750753969,0.0,2.88,1403,0,0,4,1,30.0,3.0,30.0
0.8405670787559424,0.9964197824167844,1.096058345605311,1.113487358792385,2.5795463842009587,2.510085675221939,12.90581005877345,5.12,1430,0,0,4,1,30.0,3.0,30.0
0.794934016,1.1338914152346542,1.1447381742331997,1.0272910933588884,2.380283618094059,2.277150613963797,9.607337729722492,5.95,1507,0,0,4,1,50.0,5.0,48.25
0.7283984488348207,1.0436399112686428,1.13434805405698,1.0609237503911948,2.435111433126493,2.4532036344562216,2.834624136202201,4.91,1747,0,0,4,1,40.0,4.0,40.0
0.6002401450260246,1.122312350807103,1.2179931361295606,1.1411555538031837,2.4411961565227864,2.308919067030817,0.0,5.79,1889,0,0,4,1,40.0,4.0,39.68
0.7412080267302357,1.2057525886917242,1.1050696451808426,1.187009776476751,2.289728270056352,2.099292087940817,8.188720542153524,4.66,1947,0,0,4,1,50.0,5.0,46.55
1.0176884096228147,1.1228859903750064,1.197610372665283,1.1688044386219696,2.4580483191742704,2.336131888,4.641870602049349,3.71,2033,0,0,4,1,40.0,4.0,39.0
0.7290561903953375,1.0992786545953264,1.290662903349647,1.259861181106385,2.650664430624845,2.6724315358479145,6.885553750540263,4.27,2156,0,0,4,1,40.0,4.0,40.0
0.7381101505507816,1.186301504,1.254750264665851,1.165392353879306,2.333507728917455,2.155544782713928,0.0,4.48,2535,0,0,4,1,40.0,4.0,40.0
0.7414701989533411,0.9951331953168492,1.1557746976859382,1.089201433083482,2.5499468879767333,2.3737645726356686,0.7779342973662271,5.73,2545,0,0,4,1,30.0,3.0,28.49
0.8462669854922793,1.1429329699466275,1.2043557284836783,1.1242593844908335,2.6333043016455013,2.3938734041493834,5.900931785228563,4.66,2670,0,0,4,1,30.0,3.0,28.1
0.8384977418797563,1.0151488655433498,1.2532666922305755,1.20544745658175,2.1806490654640407,2.482437641802082,3.523814709590904,6.27,2768,0,0,4,1,30.0,3.0,29.55
0.8564275355241188,1.1922621697906055,1.218056906375533,1.185274394364747,2.21320553713858,2.513007729179708,8.867293339207837,5.29,2857,0,0,4,1,50.0,5.0,44.76
0.8066118905475446,1.0853428677186507,1.2255398540913107,1.2301090005555757,2.589175778846738,2.405316472582501,2.3761877232771527,7.5,2956,0,0,4,1,30.0,3.0,29.53
0.7022025024235037,1.2231537570889186,1.1675792776293357,1.1689715922408317,2.3227876416475746,2.414871026,0.0,4.77,3471,0,0,4,1,50.0,5.0,50.0
0.7582114980663232,1.076394519841966,1.1314594776311742,1.1969737279808903,2.5026387528287146,2.3055448238949774,11.049994452370411,5.02,3966,0,0,4,1,30.0,3.0,30.0
0.7554434018772024,1.2255421456225035,1.1439707137946504,1.172106117361937,2.396661302274429,2.2635029197619003,0.0,5.5,4113,0,0,4,1,40.0,4.0,40.0
0.560002215,1.0401607219338764,1.1906354218881894,1.0978791334958902,2.364649474297062,2.420760016854859,0.0,4.92,4275,0,0,4,1,30.0,3.0,30.0
0.8097040714467123,1.1064131455864583,1.233453116049034,1.0622792761412658,2.576632126466467,2.164653931648055,2.1340276321813505,3.66,5941,0,0,4,1,40.0,4.0,40.0
0.7584818497237161,1.175976438281406,1.3104788688042224,1.1418084455845647,2.3743358452839174,2.3052788018061423,1.5158038273606511,3.93,6584,0,0,4,1,40.0,4.0,40.0
0.8727595754296144,1.184994878128171,1.3991915814377038,1.3213551994714752,2.547620891154976,2.384579643600343,0.013530491930028,5.53,6626,0,0,4,1,40.0,4.0,39.31
0.8721123541594762,1.038602875047916,1.1452451468403493,1.139405824858536,2.519654109970816,2.2972378399962,0.0,3.53,6889,0,0,4,1,40.0,4.0,38.57
0.7697918084597334,1.0191682583191468,1.306638446006287,1.2504389265182048,2.625875536548101,2.820789920582205,2.688315056559356,6.49,1297,1,1,1,0,30.0,3.0,30.0
0.7134754316362644,1.0393258065131663,1.280048953080769,1.257792806058441,2.5421248890642736,2.483717423191427,0.915682613849298,4.67,1763,1,1,1,0,30.0,3.0,30.0
0.764978789,1.141786256537178,1.2197738477407272,1.2260808940385173,2.741968580428297,2.365922997413654,3.1752194364400084,4.25,1812,1,1,1,0,40.0,4.0,40.0
0.7743865056013862,1.095332971212745,1.3411486537837998,1.1517546794347189,2.6300412113713496,2.3938602525446955,1.0812379472393323,6.37,1856,1,1,1,0,30.0,3.0,30.0
0.6098132860997244,1.167335926420517,1.3099969028293983,1.3366491129949238,2.3870782328878266,2.4714274068831648,11.0038206905086,3.76,1888,1,1,1,0,30.0,3.0,30.0
0.7738243289705858,1.108715426793689,1.1716760367240189,1.1961687460887305,2.21268688916702,2.2950004984693417,1.4225378772483357,5.41,1940,1,1,1,0,30.0,3.0,30.0
0.5368306282762552,1.0738985667451264,1.2132701902297047,1.0687537862155372,2.202631332783702,2.3311513458247464,11.04358585300944,4.38,2041,1,1,1,0,,,
0.6535405047682418,1.0469567137827709,1.185713502766506,1.213932468871889,2.466144429614882,2.5201624422837963,0.0,6.0,2064,1,1,1,0,40.0,4.0,40.0
0.8075733407432584,1.1821248655672922,1.1483156915444153,1.0739809854877458,2.327915496414279,2.264206666574205,0.0,5.26,2168,1,1,1,0,50.0,5.0,50.0
0.7594123836894546,1.1973062905917724,1.2344983842611887,1.2186616187587789,2.433841810470936,2.4447725663788096,15.35229545671016,6.36,2178,1,1,1,0,40.0,4.0,38.86
1.051641785873746,1.2764535800245893,1.3241294808455937,1.2117142959957663,2.6819689753447635,2.597053140176605,4.601388736,3.04,2186,1,1,1,0,50.0,5.0,38.1
0.6562120363372209,1.1439062613428086,1.1731710227822685,1.1279875631781997,2.480024918350125,2.487872659863915,0.0,4.41,2246,1,1,1,0,40.0,4.0,39.32
0.9815591893071932,1.1417983616202425,1.1605048961241038,1.105503821070757,2.004536317851323,2.068580074133661,0.0,5.16,2380,1,1,1,0,30.0,3.0,29.21
0.889011471,1.2016174978340155,1.2542137667531688,1.167964846816382,2.656395299682813,2.420939228,0.0,4.48,2411,1,1,1,0,40.0,4.0,40.0
0.8086082968923232,1.0940884256336758,1.2420800655954347,1.1704992105926126,2.675718782439817,2.535146903451024,6.543519636,4.15,2412,1,1,1,0,40.0,4.0,39.23
0.8315842236815482,1.1443584490876146,1.2938797366617512,1.1642413144276338,2.3876745162747866,2.5898295676267025,4.804819079983772,4.51,2468,1,1,1,0,40.0,4.0,40.0
0.9005499164094491,1.0935876339262869,1.1944206483147994,1.083483983075075,2.243651831238131,2.325536187192074,0.0,5.22,2625,1,1,1,0,40.0,4.0,40.0
0.7262763760497438,1.0043064934306285,1.1400073735798872,1.2146467015133002,2.696526752545376,2.474500357122963,0.0,5.18,3036,1,1,1,0,30.0,3.0,30.0
0.9607560480133556,1.0781194978278226,1.1735605037169348,1.219995820519033,2.360299872167184,2.456747391826257,11.191538478357684,5.76,3078,1,1,1,0,40.0,4.0,22.86
0.9686591263227304,1.1967802728926549,1.3647637487461894,1.3959012265625357,2.6444730559161647,2.6303261548039467,14.320474504986802,6.61,3135,1,1,1,0,40.0,4.0,38.79
0.8302049947020002,1.0653459480881808,1.1743764799708616,1.1442281439444009,2.276507758829856,2.445135020850657,0.0,6.07,3268,1,1,1,0,40.0,4.0,40.0
0.9448010360416688,1.161742779416115,1.189706972755587,1.2108260586997766,2.2551639179088654,2.395311100740896,1.9237222434362016,4.61,3558,1,1,1,0,50.0,5.0,49.17
0.7186999204954628,1.0797616893976685,1.3212709410429606,1.1957706904877785,2.586708237720861,2.556376384862788,0.0,5.59,3597,1,1,1,0,30.0,3.0,29.74
0.5988594646515715,1.1533256420546791,1.1458279260425877,1.1094516818269364,2.396085962250389,2.528653216909116,6.679680999349677,7.92,3691,1,1,1,0,40.0,4.0,39.38
0.723279571,1.1349753981928945,1.1034208436124326,1.0855391284194051,2.3620204141586147,2.1517374810385186,0.0,5.87,3759,1,1,1,0,30.0,3.0,30.0
0.8408701371086159,1.242932877223997,1.1890341521620755,1.1969475046698077,2.1198000663621324,2.060499530211548,0.0,4.44,3777,1,1,1,0,50.0,5.0,50.0
0.7236454012640173,1.2780624380154997,1.1453754264371985,1.1160713521510637,2.202440634684549,2.1296375352947066,0.0,2.9,3810,1,1,1,0,40.0,4.0,39.32
0.6574539300474352,1.1354361047002672,1.204159636003933,1.1553344666674008,2.171660646473485,2.3590334784356344,0.0,4.79,3854,1,1,1,0,40.0,4.0,38.79
0.772033843,1.158889145137386,1.2023940121091494,1.042070985187044,2.5249248733450105,2.3349536057568687,0.0,5.1,4044,1,1,1,0,30.0,3.0,30.0
0.8381341219825534,1.0429870070877316,1.2129879675718809,1.225198246157506,2.281771722,2.198825412159424,0.0,4.7,4062,1,1,1,0,30.0,3.0,30.0
1.1427265455614577,1.2991527128704945,1.2549760084577826,1.1428348468450775,2.738288925247438,2.5050091490748767,0.0,3.63,4091,1,1,1,0,40.0,4.0,40.0
0.7290383252339766,1.193907723441442,1.2276331636034348,1.1653555830036513,2.2941078404958595,2.219102946815376,0.0,4.74,4377,1,1,1,0,40.0,4.0,39.38
0.727411438,0.9871339904240836,1.1840009179075708,1.203020943343728,2.3888779363321824,2.337389369198651,0.0,5.07,4381,1,1,1,0,30.0,3.0,30.0
0.8719092297936457,1.1010924501457426,1.3775177925941362,1.278409830276401,2.600251193370043,2.334968667819109,0.0,4.51,1446,1,0,2,1,40.0,4.0,38.73
0.8253413149577122,1.0717655153358998,1.2035582934391074,1.1764007739679985,2.4652154968473394,2.527866636369712,0.6728288027524815,4.97,1542,1,0,2,1,40.0,4.0,40.0
0.5915105866289551,1.1505874270133478,1.3155805948928672,1.1491982587900125,2.265796242923064,2.010252241001856,0.0,3.89,1626,1,0,2,1,30.0,3.0,30.0
0.5436315078393968,1.1525675613097908,1.2297048238480897,1.1949241160534376,2.232316199657078,2.3081480596302035,0.0,5.56,1768,1,0,2,1,40.0,4.0,40.0
0.9357641329667798,1.192476681013297,1.2180816052838164,1.1801446488748646,2.517746666939243,2.557251482375822,0.0,5.54,1784,1,0,2,1,40.0,4.0,39.43
0.8413319764469334,1.0873387489938626,1.123768745782544,1.1093641663554206,2.204709950814068,2.4453141876536515,0.0,5.87,1971,1,0,2,1,30.0,3.0,30.0
0.8845084546219389,1.2503422599337584,1.151603705852171,1.037738819,1.9781805169374136,2.052785291873618,0.0,4.73,2254,1,0,2,1,40.0,4.0,40.0
0.8094688158294367,1.171834078452192,1.2767820849022855,1.2402155078898671,2.5026251022085058,2.476008760997684,4.212497051060509,5.33,2385,1,0,2,1,40.0,4.0,40.0
0.9733551401168582,1.2009998612920334,1.2592101020323951,1.2111558774826374,2.306757323328743,2.2782304182487683,0.0,4.99,2469,1,0,2,1,30.0,3.0,29.1
0.9223613804948604,1.1224883096911848,1.2741956649085944,1.196834427797838,2.639513881,2.3983350369399554,0.0,4.77,2580,1,0,2,1,50.0,5.0,48.44
0.8408582307159086,1.0613137884398458,1.1955020083464862,1.073422187250458,2.4649140959550246,2.4883338676425355,2.421033322641504,3.33,2820,1,0,2,1,30.0,3.0,30.0
0.7877132371016388,1.2410735682480654,1.188731786317483,1.0850013608407512,2.4834874476795927,2.287700979834089,8.46982179,3.74,2905,1,0,2,1,40.0,4.0,36.09
0.7009900398910879,1.0485094285540115,1.1057204307488582,1.1060747836005955,2.296906397977758,2.297029691083369,2.0382147406916906,4.33,2929,1,0,2,1,40.0,4.0,40.0
0.8590366709515103,1.1637706301141473,1.2531965155048288,1.2992678005746108,2.3867441344930875,2.5786807467019184,0.0,5.58,2938,1,0,2,1,40.0,4.0,37.14
0.8036996761708947,1.183717661375436,1.283271000681458,1.2597468868021569,2.5786678564165446,2.615763359548291,9.326232209052217,6.41,2958,1,0,2,1,40.0,4.0,38.57
0.5639012413811962,1.075937556107454,1.3263134360015871,1.2836213167068256,2.5632763491703257,2.583792263133949,0.0,4.59,2972,1,0,2,1,30.0,3.0,28.85
0.6789409799532375,1.0841702420282435,1.2559376505449646,1.1113515507616338,2.528293078715097,2.578126118655569,0.9145462052271096,5.11,3106,1,0,2,1,30.0,3.0,29.39
0.7095594372587275,1.0005676775798455,1.0904219696228044,1.0581896599754392,2.392472715029464,2.4767157239260635,2.6946809634046147,3.89,3115,1,0,2,1,30.0,3.0,30.0
0.8513418803884119,1.118581069119433,1.140807982387304,1.0756673688149512,2.5495151578137563,2.5188543328009505,7.284982475060662,6.32,3125,1,0,2,1,40.0,4.0,40.0
0.7030237556819247,1.068159698884656,1.2995217352539012,1.231755031452903,2.432058882988897,2.381724110389288,1.6758740031992767,5.31,3561,1,0,2,1,30.0,3.0,30.0
1.0001940960585938,1.0638964676125071,1.280285355929331,1.1884901227165363,2.5756669215762296,2.688121587143092,0.0,4.94,3682,1,0,2,1,50.0,5.0,40.82
0.6080764400304774,1.0261019987082525,1.2440981975876502,1.2349546299074632,2.581946815378401,2.606390771139232,2.400170995484651,5.79,3766,1,0,2,1,40.0,4.0,40.0
0.88863244,1.282878036092608,1.2672724515031355,1.171401260452065,2.267517852256188,2.252218716393805,18.142111170757893,5.92,4303,1,0,2,1,40.0,4.0,40.0
0.8641216212738699,1.1727553047685464,1.1996619346308468,1.1686763851653272,2.197928070122404,2.241210170625735,2.091660522333036,5.86,4371,1,0,2,1,40.0,4.0,38.52
0.7132249478969098,0.926438769,1.322433334452057,1.2172228774461529,2.4523423754786053,2.524689772062355,0.0,6.27,5574,1,0,2,1,30.0,3.0,20.52
